index	offset	packet_bytes	data_size	timestamp_us	meta	replay_slot	codec	complexity	frame_code	frame_count	bitrate_kbps	samples_per_channel	encode_us
0	0	998	980	1000000	0x06	0xE3	3	5	0	4	96	3840	0
1	998	998	980	1080000	0x06	0xE3	3	5	0	4	96	3840	0
2	1996	998	980	1160000	0x06	0xE3	3	5	0	4	96	3840	0
3	2994	1240	1222	1240000	0x06	0xE3	3	5	0	5	96	4800	0
4	4234	998	980	1340000	0x06	0xE3	3	5	0	4	96	3840	0
5	5232	998	980	1420000	0x06	0xE3	3	5	0	4	96	3840	0
6	6230	998	980	1500000	0x06	0xE3	3	5	0	4	96	3840	0
7	7228	1240	1222	1580000	0x06	0xE3	3	5	0	5	96	4800	0
8	8468	998	980	1680000	0x06	0xE3	3	5	0	4	96	3840	0
9	9466	998	980	1760000	0x06	0xE3	3	5	0	4	96	3840	0
10	10464	998	980	1840000	0x06	0xE3	3	5	0	4	96	3840	0
11	11462	1240	1222	1920000	0x06	0xE3	3	5	0	5	96	4800	0
